{"mean": [1006.9501041921859, 27.314606848044843, 6.726932175840751, 22.018037091228486, 84.36424869405869, 147.57518298714143, 138.42849429690406, 21.3544645635638, 65.50881981987042, 43.67734660408836, 283.24061099040557, 8.743132216122651, 462.656528189911, 4.20124703740455, 51.01485040799209, 1.5340899204497196, 40.0955549926904], "std": [3.1630267369747447, 2.384648424699132, 8.212309759990612, 11.252551330668, 9.594645419822852, 213.58308008290308, 38.76312317066534, 21.91622471040405, 155.38904366420067, 26.54449943816173, 26.824064668528106, 6.08482864881245, 318.0955069770168, 3.157258982466239, 87.59193944034853, 0.6629039290060769, 21.289041297541903]}