{"mean": [1006.9151522970282, 27.32130764627041, 6.7948909780832984, 20.97893122369025, 84.33628559609879, 142.6137547090833, 137.66381922731267, 17.766965684926326, 74.01069171773419, 44.122724303604016, 272.6586174063207, 7.78712432461281, 458.1819715362076, 3.8110348532641267, 44.7169071944077, 1.5373701446663874, 38.82279962027208], "std": [3.1590127680761624, 2.368368257355326, 8.606215696536744, 10.122489979862594, 9.413566582226727, 208.11074773258773, 38.56913247518626, 16.175328000548998, 173.92522590812263, 28.962545597749834, 19.648500978893637, 4.479165535695277, 310.9988712275651, 2.5788317735744686, 22.94889901045602, 0.6644616202016708, 18.81223183183379]}